{"cameraMode":{"drawMode":0,"name":"Shaded","section":"Shading Mode"},"sceneLighting":false,"audioPlay":false,"sceneViewState":{"m_AlwaysRefresh":false,"showFog":true,"showSkybox":false,"showFlares":true,"showImageEffects":true,"showParticleSystems":true,"showVisualEffectGraphs":true,"m_FxEnabled":true},"in2DMode":false,"pivot":{"x":2.2880663871765138,"y":4.141282081604004,"z":-2.990292549133301},"rotation":{"x":-0.41160112619400027,"y":-0.06634694337844849,"z":0.030089445412158967,"w":-0.9084903001785278},"size":21.993427276611329,"orthographic":false}