{"cameraMode":{"drawMode":0,"name":"Shaded","section":"Shading Mode"},"sceneLighting":false,"audioPlay":false,"sceneViewState":{"m_AlwaysRefresh":false,"showFog":true,"showSkybox":false,"showFlares":true,"showImageEffects":true,"showParticleSystems":true,"showVisualEffectGraphs":true,"m_FxEnabled":true},"in2DMode":false,"pivot":{"x":0.5267276763916016,"y":1.2028648853302003,"z":1.2702909708023072},"rotation":{"x":-0.2517477869987488,"y":0.22593964636325837,"z":-0.060538604855537418,"w":-0.9391422271728516},"size":10.904839515686036,"orthographic":false}