{"cameraMode":{"drawMode":0,"name":"Shaded","section":"Shading Mode"},"sceneLighting":false,"audioPlay":false,"sceneViewState":{"m_AlwaysRefresh":false,"showFog":true,"showSkybox":false,"showFlares":true,"showImageEffects":true,"showParticleSystems":true,"showVisualEffectGraphs":true,"m_FxEnabled":true},"in2DMode":false,"pivot":{"x":-0.000001430511474609375,"y":1.500000238418579,"z":-0.000009059906005859375},"rotation":{"x":-0.393075168132782,"y":-0.3376302123069763,"z":0.1578889936208725,"w":-0.8406217694282532},"size":14.282864570617676,"orthographic":false}