{"cameraMode":{"drawMode":0,"name":"Shaded","section":"Shading Mode"},"sceneLighting":false,"audioPlay":false,"sceneViewState":{"m_AlwaysRefresh":false,"showFog":true,"showSkybox":false,"showFlares":true,"showImageEffects":true,"showParticleSystems":true,"showVisualEffectGraphs":true,"m_FxEnabled":true},"in2DMode":false,"pivot":{"x":-0.000001430511474609375,"y":1.5000001192092896,"z":-0.000009059906005859375},"rotation":{"x":-0.2904070019721985,"y":-0.3578740954399109,"z":0.11817856132984162,"w":-0.8796007037162781},"size":18.717697143554689,"orthographic":false}