{"cameraMode":{"drawMode":0,"name":"Shaded","section":"Shading Mode"},"sceneLighting":false,"audioPlay":false,"sceneViewState":{"m_AlwaysRefresh":false,"showFog":true,"showSkybox":false,"showFlares":true,"showImageEffects":true,"showParticleSystems":true,"showVisualEffectGraphs":true,"m_FxEnabled":true},"in2DMode":false,"pivot":{"x":-0.000001430511474609375,"y":1.500000238418579,"z":-0.000017642974853515625},"rotation":{"x":-0.15700741112232209,"y":-0.5798215270042419,"z":0.11506208777427674,"w":-0.7911985516548157},"size":18.217639923095704,"orthographic":false}