{"cameraMode":{"drawMode":0,"name":"Shaded","section":"Shading Mode"},"sceneLighting":false,"audioPlay":false,"sceneViewState":{"m_AlwaysRefresh":true,"showFog":true,"showSkybox":false,"showFlares":true,"showImageEffects":true,"showParticleSystems":true,"showVisualEffectGraphs":true,"m_FxEnabled":true},"in2DMode":false,"pivot":{"x":-0.00000858306884765625,"y":1.5000001192092896,"z":-0.0000095367431640625},"rotation":{"x":0.19131998717784882,"y":-0.633588433265686,"z":0.16576161980628968,"w":0.7312136888504028},"size":22.4499568939209,"orthographic":false}