{"cameraMode":{"drawMode":0,"name":"Shaded","section":"Shading Mode"},"sceneLighting":true,"audioPlay":false,"sceneViewState":{"m_AlwaysRefresh":false,"showFog":true,"showSkybox":true,"showFlares":true,"showImageEffects":true,"showParticleSystems":true,"showVisualEffectGraphs":true,"m_FxEnabled":true},"in2DMode":false,"pivot":{"x":-1.1738492250442505,"y":0.5351262092590332,"z":-0.44720911979675295},"rotation":{"x":0.02218920923769474,"y":0.0020949679892510177,"z":0.00006319346721284091,"w":-0.9997761249542236},"size":0.6158818006515503,"orthographic":false}