{"cameraMode":{"drawMode":0,"name":"Shaded","section":"Shading Mode"},"sceneLighting":true,"audioPlay":false,"sceneViewState":{"m_AlwaysRefresh":true,"showFog":true,"showSkybox":true,"showFlares":true,"showImageEffects":true,"showParticleSystems":true,"showVisualEffectGraphs":true,"m_FxEnabled":true},"in2DMode":false,"pivot":{"x":18.239822387695314,"y":-10.660726547241211,"z":10.035621643066407},"rotation":{"x":-0.23865830898284913,"y":-0.4063907861709595,"z":0.1105676218867302,"w":-0.8752557635307312},"size":26.763216018676759,"orthographic":false}