{"cameraMode":{"drawMode":0,"name":"Shaded","section":"Shading Mode"},"sceneLighting":true,"audioPlay":false,"sceneViewState":{"m_AlwaysRefresh":true,"showFog":true,"showSkybox":true,"showFlares":true,"showImageEffects":true,"showParticleSystems":true,"showVisualEffectGraphs":true,"m_FxEnabled":true},"in2DMode":false,"pivot":{"x":-2.2128791854481023e-10,"y":0.00010174496128456667,"z":-0.0010174511699005962},"rotation":{"x":0.20979563891887666,"y":-0.3958761990070343,"z":0.09320415556430817,"w":0.889298141002655},"size":6.746230125427246,"orthographic":false}