{"cameraMode":{"drawMode":0,"name":"Shaded","section":"Shading Mode"},"sceneLighting":true,"audioPlay":false,"sceneViewState":{"m_AlwaysRefresh":true,"showFog":true,"showSkybox":true,"showFlares":true,"showImageEffects":true,"showParticleSystems":true,"showVisualEffectGraphs":true,"m_FxEnabled":true},"in2DMode":false,"pivot":{"x":28.617979049682618,"y":-16.337318420410158,"z":-4.161556243896484},"rotation":{"x":0.42741838097572329,"y":0.1453910917043686,"z":-0.06990579515695572,"w":0.8896088004112244},"size":25.45670509338379,"orthographic":false}