{"cameraMode":{"drawMode":0,"name":"Shaded","section":"Shading Mode"},"sceneLighting":false,"audioPlay":false,"sceneViewState":{"m_AlwaysRefresh":true,"showFog":true,"showSkybox":false,"showFlares":true,"showImageEffects":true,"showParticleSystems":true,"showVisualEffectGraphs":true,"m_FxEnabled":true},"in2DMode":false,"pivot":{"x":-0.0000095367431640625,"y":1.5000001192092896,"z":0.000007152557373046875},"rotation":{"x":0.3545386493206024,"y":-0.26523348689079287,"z":0.10561070591211319,"w":0.8904983997344971},"size":22.4499568939209,"orthographic":false}