{"cameraMode":{"drawMode":0,"name":"Shaded","section":"Shading Mode"},"sceneLighting":false,"audioPlay":false,"sceneViewState":{"m_AlwaysRefresh":false,"showFog":true,"showSkybox":false,"showFlares":true,"showImageEffects":true,"showParticleSystems":true,"showVisualEffectGraphs":true,"m_FxEnabled":true},"in2DMode":false,"pivot":{"x":-0.00002384185791015625,"y":1.500000238418579,"z":-0.000017642974853515625},"rotation":{"x":-0.23526152968406678,"y":0.3814144432544708,"z":-0.10099975019693375,"w":-0.8882856369018555},"size":12.313607215881348,"orthographic":false}